customerID,customer_value_quintile,total_transactions,lifetime_spend,avg_transaction_value,avg_unit_price,total_items,avg_items_per_transaction,unique_products,unique_franchises,payment_method_diversity,first_purchase,last_purchase,recency_days,customer_lifetime_days,avg_days_between_purchases,active_days,active_months,revenue_per_order,avg_basket_size,avg_monthly_spend,multi_franchise_customer,high_value_customer,churn_label
2000000,3,9,201,22.33,3,67,7.44,4,8,3,2024-05-01T03:46:20.875Z,2024-05-15T16:40:28.203Z,785,14,1.75,7,1,22.33,7.44,201,1,0,1
2000001,4,8,153,19.13,3,51,6.38,4,7,3,2024-05-07T11:58:30.272Z,2024-05-16T11:27:15.640Z,784,9,1.29,4,1,19.13,6.38,153,1,0,1
2000002,1,17,327,19.24,3,109,6.41,5,15,3,2024-05-01T19:01:45.183Z,2024-05-16T14:38:18.782Z,784,15,0.94,12,1,19.24,6.41,327,1,1,1
2000003,3,13,216,16.62,3,72,5.54,5,10,3,2024-05-04T15:43:27.910Z,2024-05-17T11:01:41.673Z,783,13,1.08,10,1,16.62,5.54,216,1,0,1
2000004,1,17,363,21.35,3,121,7.12,6,16,3,2024-05-01T16:31:37.803Z,2024-05-17T04:58:57.446Z,783,16,1,11,1,21.35,7.12,363,1,1,1
2000005,1,21,330,15.71,3,110,5.24,6,17,3,2024-05-02T01:01:55.233Z,2024-05-16T13:19:14.561Z,784,14,0.7,11,1,15.71,5.24,330,1,1,1
2000006,1,18,480,26.67,3,160,8.89,5,15,3,2024-05-01T02:44:02.272Z,2024-05-17T11:45:43.102Z,783,16,0.94,10,1,26.67,8.89,480,1,1,1
2000007,1,13,366,28.15,3,122,9.38,6,13,3,2024-05-02T19:55:22.292Z,2024-05-17T07:00:31.139Z,783,15,1.25,8,1,28.15,9.38,366,1,1,1
2000008,4,10,174,17.4,3,58,5.8,4,9,3,2024-05-01T21:15:04.727Z,2024-05-17T05:11:34.488Z,783,16,1.78,8,1,17.4,5.8,174,1,0,1
2000009,4,9,156,17.33,3,52,5.78,5,8,3,2024-05-04T04:48:47.004Z,2024-05-17T08:48:21.874Z,783,13,1.63,7,1,17.33,5.78,156,1,0,1
2000010,1,16,336,21,3,112,7,6,12,3,2024-05-03T20:03:17.717Z,2024-05-17T00:12:38.197Z,783,14,0.93,12,1,21,7,336,1,1,1
2000011,5,6,99,16.5,3,33,5.5,4,6,3,2024-05-01T00:19:02.108Z,2024-05-16T00:49:16.323Z,784,15,3,4,1,16.5,5.5,99,1,0,1
2000012,3,9,222,24.67,3,74,8.22,3,8,3,2024-05-01T08:41:06.901Z,2024-05-11T04:29:12.406Z,789,10,1.25,7,1,24.67,8.22,222,1,1,1
2000013,4,11,159,14.45,3,53,4.82,6,10,3,2024-05-02T13:44:39.923Z,2024-05-15T08:58:30.457Z,785,13,1.3,8,1,14.45,4.82,159,1,0,1
2000014,3,13,231,17.77,3,77,5.92,6,10,3,2024-05-02T04:53:56.658Z,2024-05-14T13:20:46.457Z,786,12,1,8,1,17.77,5.92,231,1,1,1
2000015,3,12,201,16.75,3,67,5.58,6,12,3,2024-05-04T04:58:09.496Z,2024-05-14T18:24:02.213Z,786,10,0.91,9,1,16.75,5.58,201,1,0,1
2000016,3,13,207,15.92,3,69,5.31,5,12,3,2024-05-01T15:35:58.870Z,2024-05-16T08:27:52.915Z,784,15,1.25,9,1,15.92,5.31,207,1,0,1
2000017,4,12,168,14,3,56,4.67,4,11,3,2024-05-01T03:29:53.862Z,2024-05-14T19:35:11.481Z,786,13,1.18,9,1,14,4.67,168,1,0,1
2000018,5,11,132,12,3,44,4,5,9,3,2024-05-01T16:22:16.937Z,2024-05-13T21:05:53.608Z,787,12,1.2,7,1,12,4,132,1,0,1
2000019,1,19,318,16.74,3,106,5.58,6,14,3,2024-05-01T02:29:33.116Z,2024-05-13T12:30:46.627Z,787,12,0.67,10,1,16.74,5.58,318,1,1,1
2000020,4,13,177,13.62,3,59,4.54,5,12,3,2024-05-01T12:21:34.310Z,2024-05-16T08:58:37.344Z,784,15,1.25,9,1,13.62,4.54,177,1,0,1
2000021,1,18,300,16.67,3,100,5.56,6,14,3,2024-05-01T02:32:45.013Z,2024-05-16T22:32:57.029Z,784,15,0.88,10,1,16.67,5.56,300,1,1,1
2000022,1,18,411,22.83,3,137,7.61,6,14,3,2024-05-01T02:42:58.188Z,2024-05-15T21:58:01.756Z,785,14,0.82,12,1,22.83,7.61,411,1,1,1
2000023,1,14,390,27.86,3,130,9.29,5,13,3,2024-05-02T10:27:03.808Z,2024-05-14T20:22:11.055Z,786,12,0.92,10,1,27.86,9.29,390,1,1,1
2000024,5,9,144,16,3,48,5.33,5,9,3,2024-05-03T14:32:23.486Z,2024-05-16T12:54:51.232Z,784,13,1.63,8,1,16,5.33,144,1,0,1
2000025,4,11,156,14.18,3,52,4.73,6,11,3,2024-05-01T16:43:36.883Z,2024-05-17T10:43:05.688Z,783,16,1.6,7,1,14.18,4.73,156,1,0,1
2000026,3,10,210,21,3,70,7,5,9,3,2024-05-02T15:09:18.359Z,2024-05-17T04:38:19.665Z,783,15,1.67,8,1,21,7,210,1,0,1
2000027,5,8,123,15.38,3,41,5.13,5,8,3,2024-05-01T05:23:32.357Z,2024-05-14T16:50:12.827Z,786,13,1.86,6,1,15.38,5.13,123,1,0,1
2000028,3,9,204,22.67,3,68,7.56,5,8,3,2024-05-02T19:52:27.721Z,2024-05-17T05:18:11.385Z,783,15,1.88,7,1,22.67,7.56,204,1,0,1
2000029,1,22,414,18.82,3,138,6.27,6,18,3,2024-05-02T02:41:16.608Z,2024-05-16T22:19:10.840Z,784,14,0.67,13,1,18.82,6.27,414,1,1,1
2000030,1,16,321,20.06,3,107,6.69,6,16,3,2024-05-01T10:56:18.216Z,2024-05-16T14:31:27.187Z,784,15,1,11,1,20.06,6.69,321,1,1,1
2000031,3,8,183,22.88,3,61,7.63,6,7,3,2024-05-01T21:42:27.641Z,2024-05-17T02:20:17.277Z,783,16,2.29,7,1,22.88,7.63,183,1,0,1
2000032,1,12,309,25.75,3,103,8.58,5,9,3,2024-05-04T18:19:08.638Z,2024-05-15T21:30:01.802Z,785,11,1,10,1,25.75,8.58,309,1,1,1
2000033,2,13,282,21.69,3,94,7.23,5,12,3,2024-05-02T09:48:53.320Z,2024-05-17T11:21:41.883Z,783,15,1.25,11,1,21.69,7.23,282,1,1,1
2000034,4,10,153,15.3,3,51,5.1,5,9,3,2024-05-03T21:58:41.195Z,2024-05-17T11:24:30.699Z,783,14,1.56,9,1,15.3,5.1,153,1,0,1
2000035,3,11,204,18.55,3,68,6.18,4,9,3,2024-05-01T09:49:46.199Z,2024-05-17T08:29:53.940Z,783,16,1.6,10,1,18.55,6.18,204,1,0,1
2000036,5,6,111,18.5,3,37,6.17,5,5,2,2024-05-03T21:43:25.674Z,2024-05-16T23:32:00.157Z,784,13,2.6,5,1,18.5,6.17,111,1,0,1
2000037,5,7,138,19.71,3,46,6.57,4,6,2,2024-05-03T08:43:18.829Z,2024-05-17T03:10:26.035Z,783,14,2.33,6,1,19.71,6.57,138,1,0,1
2000038,1,9,306,34,3,102,11.33,4,9,2,2024-05-02T22:57:17.233Z,2024-05-16T13:45:08.684Z,784,14,1.75,8,1,34,11.33,306,1,1,1
2000039,4,12,174,14.5,3,58,4.83,6,12,3,2024-05-01T00:05:11.763Z,2024-05-16T13:51:37.493Z,784,15,1.36,8,1,14.5,4.83,174,1,0,1
2000040,2,13,240,18.46,3,80,6.15,6,11,3,2024-05-01T04:47:20.292Z,2024-05-16T08:46:47.510Z,784,15,1.25,9,1,18.46,6.15,240,1,1,1
2000041,5,8,132,16.5,3,44,5.5,5,8,3,2024-05-04T14:15:10.095Z,2024-05-17T04:41:43.472Z,783,13,1.86,8,1,16.5,5.5,132,1,0,1
2000042,2,8,255,31.88,3,85,10.63,4,8,3,2024-05-01T15:23:32.879Z,2024-05-07T21:27:50.109Z,793,6,0.86,4,1,31.88,10.63,255,1,1,1
2000043,5,8,120,15,3,40,5,5,8,3,2024-05-02T12:06:48.704Z,2024-05-14T12:51:07.190Z,786,12,1.71,6,1,15,5,120,1,0,1
2000044,5,8,132,16.5,3,44,5.5,5,8,3,2024-05-01T08:35:05.168Z,2024-05-16T04:34:53.223Z,784,15,2.14,7,1,16.5,5.5,132,1,0,1
2000045,2,9,264,29.33,3,88,9.78,4,9,3,2024-05-01T19:33:10.091Z,2024-05-13T13:43:13.587Z,787,12,1.5,7,1,29.33,9.78,264,1,1,1
2000046,5,8,96,12,3,32,4,3,8,3,2024-05-03T12:24:48.424Z,2024-05-16T09:30:56.899Z,784,13,1.86,8,1,12,4,96,1,0,1
2000047,5,5,60,12,3,20,4,3,4,3,2024-05-09T15:31:33.703Z,2024-05-17T10:41:14.630Z,783,8,2,3,1,12,4,60,1,0,1
2000048,5,3,42,14,3,14,4.67,3,3,3,2024-05-07T22:39:11.213Z,2024-05-16T07:13:36.045Z,784,9,4.5,3,1,14,4.67,42,1,0,1
2000049,3,13,204,15.69,3,68,5.23,5,10,3,2024-05-02T09:11:23.873Z,2024-05-15T09:45:50.389Z,785,13,1.08,7,1,15.69,5.23,204,1,0,1
2000050,5,7,99,14.14,3,33,4.71,4,7,3,2024-05-02T18:30:54.700Z,2024-05-15T20:59:55.181Z,785,13,2.17,6,1,14.14,4.71,99,1,0,1
2000051,4,8,177,22.13,3,59,7.38,5,7,3,2024-05-01T11:29:44.189Z,2024-05-16T01:38:51.498Z,784,15,2.14,7,1,22.13,7.38,177,1,0,1
2000052,3,16,189,11.81,3,63,3.94,6,11,3,2024-05-02T02:06:06.463Z,2024-05-16T17:42:25.582Z,784,14,0.93,11,1,11.81,3.94,189,1,0,1
2000053,2,14,270,19.29,3,90,6.43,6,13,3,2024-05-01T14:56:33.221Z,2024-05-15T23:00:06.769Z,785,14,1.08,11,1,19.29,6.43,270,1,1,1
2000054,3,10,228,22.8,3,76,7.6,4,10,3,2024-05-02T12:11:28.941Z,2024-05-14T11:06:45.374Z,786,12,1.33,8,1,22.8,7.6,228,1,1,1
2000055,2,14,270,19.29,3,90,6.43,6,11,3,2024-05-01T06:53:17.328Z,2024-05-16T20:42:27.637Z,784,15,1.15,11,1,19.29,6.43,270,1,1,1
2000056,3,12,189,15.75,3,63,5.25,5,11,3,2024-05-04T07:20:18.270Z,2024-05-16T10:38:24.792Z,784,12,1.09,6,1,15.75,5.25,189,1,0,1
2000057,1,13,405,31.15,3,135,10.38,6,12,3,2024-05-02T23:06:06.052Z,2024-05-16T22:12:49.248Z,784,14,1.17,9,1,31.15,10.38,405,1,1,1
2000058,5,10,138,13.8,3,46,4.6,5,9,3,2024-05-02T09:59:08.433Z,2024-05-15T22:04:32.969Z,785,13,1.44,7,1,13.8,4.6,138,1,0,1
2000059,4,6,183,30.5,3,61,10.17,5,6,3,2024-05-02T11:30:03.639Z,2024-05-16T22:57:46.924Z,784,14,2.8,5,1,30.5,10.17,183,1,0,1
2000060,4,7,147,21,3,49,7,3,7,3,2024-05-01T16:37:12.433Z,2024-05-12T02:20:23.430Z,788,11,1.83,6,1,21,7,147,1,0,1
2000061,1,16,336,21,3,112,7,6,13,3,2024-05-02T09:24:00.427Z,2024-05-16T05:31:36.584Z,784,14,0.93,11,1,21,7,336,1,1,1
2000062,2,12,267,22.25,3,89,7.42,6,10,3,2024-05-01T12:52:44.938Z,2024-05-17T03:46:12.928Z,783,16,1.45,10,1,22.25,7.42,267,1,1,1
2000063,4,7,165,23.57,3,55,7.86,4,6,3,2024-05-06T05:31:44.206Z,2024-05-17T09:51:28.688Z,783,11,1.83,6,1,23.57,7.86,165,1,0,1
2000064,1,12,315,26.25,3,105,8.75,5,11,3,2024-05-03T08:40:43.140Z,2024-05-17T09:09:41.084Z,783,14,1.27,8,1,26.25,8.75,315,1,1,1
2000065,2,16,258,16.13,3,86,5.38,6,15,3,2024-05-01T05:29:43.588Z,2024-05-16T12:23:57.554Z,784,15,1,10,1,16.13,5.38,258,1,1,1
2000066,3,16,222,13.88,3,74,4.63,6,15,3,2024-05-02T11:17:41.967Z,2024-05-16T09:27:53.425Z,784,14,0.93,8,1,13.88,4.63,222,1,1,1
2000067,1,12,414,34.5,3,138,11.5,6,10,3,2024-05-01T02:32:33.722Z,2024-05-14T15:21:31.930Z,786,13,1.18,9,1,34.5,11.5,414,1,1,1
2000068,5,9,141,15.67,3,47,5.22,4,9,2,2024-05-01T22:40:21.380Z,2024-05-15T14:43:37.093Z,785,14,1.75,8,1,15.67,5.22,141,1,0,1
2000069,4,10,174,17.4,3,58,5.8,5,9,3,2024-05-01T06:05:36.306Z,2024-05-17T06:18:39.648Z,783,16,1.78,9,1,17.4,5.8,174,1,0,1
2000070,4,12,168,14,3,56,4.67,5,10,3,2024-05-05T05:52:14.453Z,2024-05-15T22:57:10.954Z,785,10,0.91,9,1,14,4.67,168,1,0,1
2000071,5,9,120,13.33,3,40,4.44,4,9,3,2024-05-01T07:37:37.124Z,2024-05-16T04:25:54.687Z,784,15,1.88,7,1,13.33,4.44,120,1,0,1
2000072,4,10,168,16.8,3,56,5.6,6,8,3,2024-05-04T21:46:19.564Z,2024-05-15T16:04:07.326Z,785,11,1.22,7,1,16.8,5.6,168,1,0,1
2000073,2,9,279,31,3,93,10.33,4,8,3,2024-05-03T21:31:44.831Z,2024-05-17T09:58:33.449Z,783,14,1.75,8,1,31,10.33,279,1,1,1
2000074,1,16,360,22.5,3,120,7.5,6,15,3,2024-05-02T01:04:18.038Z,2024-05-17T05:05:50.599Z,783,15,1,10,1,22.5,7.5,360,1,1,1
2000075,1,13,378,29.08,3,126,9.69,5,12,3,2024-05-01T05:55:02.388Z,2024-05-15T21:58:36.570Z,785,14,1.17,9,1,29.08,9.69,378,1,1,1
2000076,3,13,189,14.54,3,63,4.85,6,7,3,2024-05-02T19:41:05.022Z,2024-05-10T08:08:47.210Z,790,8,0.67,7,1,14.54,4.85,189,1,0,1
2000077,4,8,177,22.13,3,59,7.38,5,7,3,2024-05-01T08:29:29.474Z,2024-05-13T02:56:24.295Z,787,12,1.71,8,1,22.13,7.38,177,1,0,1
2000078,4,9,171,19,3,57,6.33,5,6,3,2024-05-01T06:52:26.495Z,2024-05-15T06:37:23.214Z,785,14,1.75,6,1,19,6.33,171,1,0,1
2000079,2,13,285,21.92,3,95,7.31,5,10,3,2024-05-03T08:52:45.053Z,2024-05-17T05:22:14.836Z,783,14,1.17,10,1,21.92,7.31,285,1,1,1
2000080,3,12,189,15.75,3,63,5.25,6,12,3,2024-05-03T10:54:01.885Z,2024-05-16T07:10:16.898Z,784,13,1.18,9,1,15.75,5.25,189,1,0,1
2000081,5,7,57,8.14,3,19,2.71,4,7,3,2024-05-01T11:32:00.127Z,2024-05-16T15:48:23.964Z,784,15,2.5,5,1,8.14,2.71,57,1,0,1
2000082,1,14,423,30.21,3,141,10.07,6,12,3,2024-05-03T13:08:18.942Z,2024-05-16T20:42:25.666Z,784,13,1,10,1,30.21,10.07,423,1,1,1
2000083,2,15,291,19.4,3,97,6.47,6,13,3,2024-05-06T17:11:17.189Z,2024-05-15T18:32:01.410Z,785,9,0.64,6,1,19.4,6.47,291,1,1,1
2000084,1,14,327,23.36,3,109,7.79,6,12,3,2024-05-01T17:58:38.870Z,2024-05-15T12:52:13.077Z,785,14,1.08,9,1,23.36,7.79,327,1,1,1
2000085,4,9,165,18.33,3,55,6.11,5,8,3,2024-05-01T20:07:19.415Z,2024-05-12T09:02:25.783Z,788,11,1.38,7,1,18.33,6.11,165,1,0,1
2000086,4,12,153,12.75,3,51,4.25,6,11,3,2024-05-03T20:51:11.138Z,2024-05-17T04:20:26.788Z,783,14,1.27,7,1,12.75,4.25,153,1,0,1
2000087,5,4,54,13.5,3,18,4.5,4,4,2,2024-05-01T03:39:25.226Z,2024-05-16T23:31:59.938Z,784,15,5,4,1,13.5,4.5,54,1,0,1
2000088,4,9,174,19.33,3,58,6.44,6,7,3,2024-05-01T14:56:02.885Z,2024-05-17T11:09:26.552Z,783,16,2,7,1,19.33,6.44,174,1,0,1
2000089,2,9,234,26,3,78,8.67,5,9,3,2024-05-05T18:47:32.668Z,2024-05-15T21:54:33.626Z,785,10,1.25,7,1,26,8.67,234,1,1,1
2000090,2,15,252,16.8,3,84,5.6,6,13,3,2024-05-01T19:40:34.108Z,2024-05-17T08:32:52.275Z,783,16,1.14,10,1,16.8,5.6,252,1,1,1
2000091,2,15,246,16.4,3,82,5.47,4,15,3,2024-05-01T05:00:27.513Z,2024-05-17T01:42:57.257Z,783,16,1.14,9,1,16.4,5.47,246,1,1,1
2000092,3,10,219,21.9,3,73,7.3,4,9,3,2024-05-01T22:22:37.483Z,2024-05-14T13:29:18.708Z,786,13,1.44,8,1,21.9,7.3,219,1,0,1
2000093,4,7,147,21,3,49,7,4,7,3,2024-05-03T14:29:04.625Z,2024-05-11T14:26:52.846Z,789,8,1.33,4,1,21,7,147,1,0,1
2000094,3,15,231,15.4,3,77,5.13,4,14,3,2024-05-01T15:19:52.321Z,2024-05-17T04:57:02.781Z,783,16,1.14,9,1,15.4,5.13,231,1,1,1
2000095,1,11,354,32.18,3,118,10.73,5,11,3,2024-05-01T14:33:27.561Z,2024-05-17T10:59:13.152Z,783,16,1.6,10,1,32.18,10.73,354,1,1,1
2000096,5,3,75,25,3,25,8.33,2,3,2,2024-05-01T20:04:21.287Z,2024-05-15T08:41:07.679Z,785,14,7,3,1,25,8.33,75,1,0,1
2000097,2,13,249,19.15,3,83,6.38,5,12,3,2024-05-01T07:47:08.000Z,2024-05-16T19:46:20.718Z,784,15,1.25,9,1,19.15,6.38,249,1,1,1
2000098,4,12,165,13.75,3,55,4.58,5,12,3,2024-05-02T18:40:09.328Z,2024-05-16T19:08:23.395Z,784,14,1.27,9,1,13.75,4.58,165,1,0,1
2000099,1,14,321,22.93,3,107,7.64,6,11,3,2024-05-02T08:27:31.370Z,2024-05-16T14:20:45.800Z,784,14,1.08,11,1,22.93,7.64,321,1,1,1
2000100,4,11,147,13.36,3,49,4.45,5,11,3,2024-05-01T22:26:10.837Z,2024-05-14T08:34:23.787Z,786,13,1.3,8,1,13.36,4.45,147,1,0,1
2000101,4,10,177,17.7,3,59,5.9,5,9,3,2024-05-02T21:33:52.111Z,2024-05-16T16:44:10.239Z,784,14,1.56,8,1,17.7,5.9,177,1,0,1
2000102,2,10,243,24.3,3,81,8.1,6,10,3,2024-05-01T17:18:14.784Z,2024-05-15T11:21:04.894Z,785,14,1.56,8,1,24.3,8.1,243,1,1,1
2000103,5,6,66,11,3,22,3.67,4,6,1,2024-05-01T01:54:46.267Z,2024-05-15T11:18:28.042Z,785,14,2.8,5,1,11,3.67,66,1,0,1
2000104,1,10,318,31.8,3,106,10.6,6,9,3,2024-05-02T10:27:00.198Z,2024-05-16T23:24:27.768Z,784,14,1.56,7,1,31.8,10.6,318,1,1,1
2000105,5,11,144,13.09,3,48,4.36,6,11,3,2024-05-01T17:03:16.708Z,2024-05-17T10:12:21.746Z,783,16,1.6,8,1,13.09,4.36,144,1,0,1
2000106,2,14,258,18.43,3,86,6.14,6,13,3,2024-05-01T15:35:58.953Z,2024-05-16T00:49:34.224Z,784,15,1.15,9,1,18.43,6.14,258,1,1,1
2000107,2,9,240,26.67,3,80,8.89,6,8,3,2024-05-08T12:07:51.285Z,2024-05-16T19:52:36.619Z,784,8,1,6,1,26.67,8.89,240,1,1,1
2000108,1,15,342,22.8,3,114,7.6,6,14,3,2024-05-01T15:19:08.674Z,2024-05-16T16:34:10.613Z,784,15,1.07,10,1,22.8,7.6,342,1,1,1
2000109,3,15,201,13.4,3,67,4.47,4,11,3,2024-05-02T16:51:07.801Z,2024-05-16T19:08:04.081Z,784,14,1,11,1,13.4,4.47,201,1,0,1
2000110,5,7,126,18,3,42,6,4,6,3,2024-05-02T18:27:54.747Z,2024-05-16T02:56:52.045Z,784,14,2.33,5,1,18,6,126,1,0,1
2000111,1,9,348,38.67,3,116,12.89,5,9,3,2024-05-01T15:30:35.379Z,2024-05-15T00:53:55.504Z,785,14,1.75,8,1,38.67,12.89,348,1,1,1
2000112,1,20,672,33.6,3,224,11.2,6,15,3,2024-05-01T05:22:16.193Z,2024-05-16T18:52:31.225Z,784,15,0.79,13,1,33.6,11.2,672,1,1,1
2000113,4,11,177,16.09,3,59,5.36,5,10,3,2024-05-02T07:11:30.287Z,2024-05-15T11:30:24.928Z,785,13,1.3,9,1,16.09,5.36,177,1,0,1
2000114,4,12,174,14.5,3,58,4.83,6,12,3,2024-05-01T23:14:59.876Z,2024-05-17T10:14:10.123Z,783,16,1.45,10,1,14.5,4.83,174,1,0,1
2000115,4,10,162,16.2,3,54,5.4,4,10,3,2024-05-01T08:11:52.178Z,2024-05-09T23:01:48.737Z,791,8,0.89,5,1,16.2,5.4,162,1,0,1
2000116,2,8,234,29.25,3,78,9.75,5,8,3,2024-05-04T18:24:39.529Z,2024-05-17T09:03:01.696Z,783,13,1.86,7,1,29.25,9.75,234,1,1,1
2000117,4,13,156,12,3,52,4,6,11,3,2024-05-03T00:41:29.874Z,2024-05-15T12:57:21.059Z,785,12,1,10,1,12,4,156,1,0,1
2000118,1,15,297,19.8,3,99,6.6,6,15,3,2024-05-01T19:06:30.114Z,2024-05-16T16:02:28.649Z,784,15,1.07,9,1,19.8,6.6,297,1,1,1
2000119,5,7,114,16.29,3,38,5.43,3,5,3,2024-05-02T19:08:27.906Z,2024-05-13T14:30:25.511Z,787,11,1.83,6,1,16.29,5.43,114,1,0,1
2000120,1,12,354,29.5,3,118,9.83,5,11,3,2024-05-01T11:01:10.177Z,2024-05-16T23:52:12.762Z,784,15,1.36,9,1,29.5,9.83,354,1,1,1
2000121,3,14,207,14.79,3,69,4.93,6,14,3,2024-05-01T16:31:52.062Z,2024-05-17T11:24:16.348Z,783,16,1.23,10,1,14.79,4.93,207,1,0,1
2000122,3,7,195,27.86,3,65,9.29,4,6,3,2024-05-04T21:51:32.636Z,2024-05-14T09:04:52.377Z,786,10,1.67,7,1,27.86,9.29,195,1,0,1
2000123,3,10,222,22.2,3,74,7.4,6,9,3,2024-05-02T03:26:58.722Z,2024-05-15T10:47:40.581Z,785,13,1.44,8,1,22.2,7.4,222,1,1,1
2000124,5,6,93,15.5,3,31,5.17,4,6,3,2024-05-02T18:36:11.803Z,2024-05-16T10:23:27.582Z,784,14,2.8,4,1,15.5,5.17,93,1,0,1
2000125,5,10,135,13.5,3,45,4.5,6,10,3,2024-05-02T13:28:08.035Z,2024-05-16T17:32:25.598Z,784,14,1.56,7,1,13.5,4.5,135,1,0,1
2000126,5,9,141,15.67,3,47,5.22,6,9,3,2024-05-05T07:33:37.705Z,2024-05-15T14:10:24.982Z,785,10,1.25,8,1,15.67,5.22,141,1,0,1
2000127,3,13,207,15.92,3,69,5.31,6,10,3,2024-05-01T03:51:53.542Z,2024-05-16T08:49:15.946Z,784,15,1.25,10,1,15.92,5.31,207,1,0,1
2000128,1,17,330,19.41,3,110,6.47,5,14,3,2024-05-01T06:36:27.556Z,2024-05-16T08:55:54.136Z,784,15,0.94,10,1,19.41,6.47,330,1,1,1
2000129,5,8,132,16.5,3,44,5.5,4,7,3,2024-05-01T06:46:45.040Z,2024-05-16T10:08:36.787Z,784,15,2.14,7,1,16.5,5.5,132,1,0,1
2000130,4,11,156,14.18,3,52,4.73,5,11,3,2024-05-01T12:14:42.275Z,2024-05-15T23:44:51.458Z,785,14,1.4,8,1,14.18,4.73,156,1,0,1
2000131,2,13,249,19.15,3,83,6.38,6,12,3,2024-05-01T00:38:01.785Z,2024-05-15T05:20:18.220Z,785,14,1.17,9,1,19.15,6.38,249,1,1,1
2000132,2,13,279,21.46,3,93,7.15,5,13,3,2024-05-01T04:05:58.971Z,2024-05-15T21:11:11.131Z,785,14,1.17,8,1,21.46,7.15,279,1,1,1
2000133,3,10,192,19.2,3,64,6.4,5,9,3,2024-05-04T22:47:27.193Z,2024-05-16T17:12:24.248Z,784,12,1.33,7,1,19.2,6.4,192,1,0,1
2000134,1,12,519,43.25,3,173,14.42,6,9,3,2024-05-01T16:04:02.316Z,2024-05-15T19:00:22.732Z,785,14,1.27,9,1,43.25,14.42,519,1,1,1
2000135,4,9,177,19.67,3,59,6.56,5,8,3,2024-05-01T12:00:23.953Z,2024-05-14T14:08:55.962Z,786,13,1.63,7,1,19.67,6.56,177,1,0,1
2000136,2,12,276,23,3,92,7.67,6,8,3,2024-05-03T11:47:01.735Z,2024-05-16T08:43:23.485Z,784,13,1.18,8,1,23,7.67,276,1,1,1
2000137,2,16,285,17.81,3,95,5.94,5,16,3,2024-05-01T10:51:54.993Z,2024-05-17T08:39:07.682Z,783,16,1.07,13,1,17.81,5.94,285,1,1,1
2000138,5,7,132,18.86,3,44,6.29,3,7,3,2024-05-01T14:26:38.511Z,2024-05-17T00:13:23.566Z,783,16,2.67,7,1,18.86,6.29,132,1,0,1
2000139,2,9,258,28.67,3,86,9.56,6,9,3,2024-05-02T05:58:39.069Z,2024-05-14T11:52:07.945Z,786,12,1.5,8,1,28.67,9.56,258,1,1,1
2000140,4,10,153,15.3,3,51,5.1,6,8,3,2024-05-01T14:05:44.844Z,2024-05-16T08:31:45.555Z,784,15,1.67,8,1,15.3,5.1,153,1,0,1
2000141,1,12,309,25.75,3,103,8.58,4,11,3,2024-05-01T00:28:26.675Z,2024-05-12T23:30:04.431Z,788,11,1,10,1,25.75,8.58,309,1,1,1
2000142,4,12,162,13.5,3,54,4.5,6,10,3,2024-05-04T16:19:32.775Z,2024-05-16T06:34:05.136Z,784,12,1.09,8,1,13.5,4.5,162,1,0,1
2000143,5,9,117,13,3,39,4.33,4,9,3,2024-05-01T07:00:11.083Z,2024-05-15T22:47:55.106Z,785,14,1.75,8,1,13,4.33,117,1,0,1
2000144,5,8,78,9.75,3,26,3.25,5,6,3,2024-05-03T18:57:39.427Z,2024-05-17T01:16:54.974Z,783,14,2,7,1,9.75,3.25,78,1,0,1
2000145,4,9,162,18,3,54,6,4,8,3,2024-05-02T06:44:46.551Z,2024-05-16T19:35:23.132Z,784,14,1.75,8,1,18,6,162,1,0,1
2000146,3,7,228,32.57,3,76,10.86,5,7,3,2024-05-01T12:26:11.225Z,2024-05-13T15:21:11.164Z,787,12,2,6,1,32.57,10.86,228,1,1,1
2000147,4,10,171,17.1,3,57,5.7,4,10,3,2024-05-05T07:55:38.984Z,2024-05-16T18:26:05.007Z,784,11,1.22,7,1,17.1,5.7,171,1,0,1
2000148,3,10,198,19.8,3,66,6.6,6,10,3,2024-05-02T09:05:53.023Z,2024-05-16T12:18:37.010Z,784,14,1.56,7,1,19.8,6.6,198,1,0,1
2000149,2,12,234,19.5,3,78,6.5,6,12,3,2024-05-02T12:20:22.889Z,2024-05-16T09:16:56.669Z,784,14,1.27,11,1,19.5,6.5,234,1,1,1
2000150,2,9,291,32.33,3,97,10.78,6,9,3,2024-05-02T03:30:16.317Z,2024-05-14T20:04:57.598Z,786,12,1.5,6,1,32.33,10.78,291,1,1,1
2000151,4,13,153,11.77,3,51,3.92,5,10,3,2024-05-02T16:59:33.252Z,2024-05-16T13:18:23.653Z,784,14,1.17,10,1,11.77,3.92,153,1,0,1
2000152,4,8,162,20.25,3,54,6.75,5,8,3,2024-05-02T09:34:57.144Z,2024-05-16T08:13:04.134Z,784,14,2,4,1,20.25,6.75,162,1,0,1
2000153,4,9,147,16.33,3,49,5.44,5,9,3,2024-05-01T21:59:44.059Z,2024-05-16T13:12:10.448Z,784,15,1.88,6,1,16.33,5.44,147,1,0,1
2000154,3,11,204,18.55,3,68,6.18,6,11,3,2024-05-04T04:33:47.532Z,2024-05-14T16:35:39.782Z,786,10,1,8,1,18.55,6.18,204,1,0,1
2000155,2,13,291,22.38,3,97,7.46,6,11,3,2024-05-02T06:29:54.182Z,2024-05-14T17:02:49.622Z,786,12,1,9,1,22.38,7.46,291,1,1,1
2000156,2,17,279,16.41,3,93,5.47,6,17,3,2024-05-02T23:04:17.025Z,2024-05-16T22:25:15.699Z,784,14,0.88,12,1,16.41,5.47,279,1,1,1
2000157,3,11,198,18,3,66,6,4,11,3,2024-05-03T04:02:23.812Z,2024-05-16T23:11:36.501Z,784,13,1.3,6,1,18,6,198,1,0,1
2000158,2,13,288,22.15,3,96,7.38,6,11,3,2024-05-03T23:46:26.514Z,2024-05-16T15:04:27.804Z,784,13,1.08,10,1,22.15,7.38,288,1,1,1
2000159,2,13,252,19.38,3,84,6.46,5,10,3,2024-05-01T16:27:16.434Z,2024-05-14T22:08:38.298Z,786,13,1.08,8,1,19.38,6.46,252,1,1,1
2000160,2,13,267,20.54,3,89,6.85,5,9,3,2024-05-01T01:24:17.470Z,2024-05-17T08:11:46.867Z,783,16,1.33,11,1,20.54,6.85,267,1,1,1
2000161,4,10,165,16.5,3,55,5.5,3,9,3,2024-05-02T13:22:24.281Z,2024-05-17T07:42:12.452Z,783,15,1.67,8,1,16.5,5.5,165,1,0,1
2000162,2,13,261,20.08,3,87,6.69,5,12,3,2024-05-04T07:11:28.423Z,2024-05-14T11:50:44.957Z,786,10,0.83,8,1,20.08,6.69,261,1,1,1
2000163,3,13,204,15.69,3,68,5.23,6,11,3,2024-05-04T20:50:38.258Z,2024-05-15T10:13:43.187Z,785,11,0.92,9,1,15.69,5.23,204,1,0,1
2000164,5,5,132,26.4,3,44,8.8,4,5,3,2024-05-02T05:34:33.793Z,2024-05-15T19:12:12.467Z,785,13,3.25,5,1,26.4,8.8,132,1,0,1
2000165,5,8,141,17.63,3,47,5.88,4,8,3,2024-05-02T04:06:08.744Z,2024-05-17T11:26:06.856Z,783,15,2.14,7,1,17.63,5.88,141,1,0,1
2000166,3,12,189,15.75,3,63,5.25,6,10,3,2024-05-02T12:29:54.198Z,2024-05-17T05:15:31.251Z,783,15,1.36,9,1,15.75,5.25,189,1,0,1
2000167,3,12,213,17.75,3,71,5.92,6,9,3,2024-05-02T08:23:20.797Z,2024-05-16T10:30:36.871Z,784,14,1.27,8,1,17.75,5.92,213,1,0,1
2000168,5,8,126,15.75,3,42,5.25,3,7,3,2024-05-05T03:15:34.523Z,2024-05-16T14:55:09.603Z,784,11,1.57,7,1,15.75,5.25,126,1,0,1
2000169,3,12,231,19.25,3,77,6.42,6,11,3,2024-05-01T00:16:39.171Z,2024-05-16T04:51:34.752Z,784,15,1.36,11,1,19.25,6.42,231,1,1,1
2000170,1,14,312,22.29,3,104,7.43,5,14,3,2024-05-01T08:38:33.229Z,2024-05-17T06:41:28.003Z,783,16,1.23,12,1,22.29,7.43,312,1,1,1
2000171,3,11,213,19.36,3,71,6.45,5,11,3,2024-05-01T06:50:49.124Z,2024-05-15T22:20:57.272Z,785,14,1.4,9,1,19.36,6.45,213,1,0,1
2000172,1,13,360,27.69,3,120,9.23,6,10,3,2024-05-01T09:32:10.221Z,2024-05-16T23:04:59.374Z,784,15,1.25,10,1,27.69,9.23,360,1,1,1
2000173,1,16,438,27.38,3,146,9.13,6,14,3,2024-05-01T07:05:09.757Z,2024-05-17T09:39:06.651Z,783,16,1.07,12,1,27.38,9.13,438,1,1,1
2000174,5,8,114,14.25,3,38,4.75,4,8,3,2024-05-01T03:16:58.734Z,2024-05-15T20:23:13.373Z,785,14,2,6,1,14.25,4.75,114,1,0,1
2000175,3,8,204,25.5,3,68,8.5,4,6,3,2024-05-03T18:56:27.936Z,2024-05-14T02:29:23.758Z,786,11,1.57,6,1,25.5,8.5,204,1,0,1
2000176,2,8,243,30.38,3,81,10.13,4,8,3,2024-05-01T04:04:04.187Z,2024-05-13T06:08:42.087Z,787,12,1.71,6,1,30.38,10.13,243,1,1,1
2000177,3,12,198,16.5,3,66,5.5,6,10,3,2024-05-01T19:05:37.496Z,2024-05-17T01:41:50.048Z,783,16,1.45,9,1,16.5,5.5,198,1,0,1
2000178,1,12,300,25,3,100,8.33,4,12,3,2024-05-03T12:42:06.034Z,2024-05-17T01:00:14.256Z,783,14,1.27,7,1,25,8.33,300,1,1,1
2000179,1,11,450,40.91,3,150,13.64,5,9,3,2024-05-03T15:46:02.502Z,2024-05-16T02:48:51.081Z,784,13,1.3,9,1,40.91,13.64,450,1,1,1
2000180,5,5,57,11.4,3,19,3.8,3,5,3,2024-05-06T06:40:20.103Z,2024-05-15T07:57:50.791Z,785,9,2.25,4,1,11.4,3.8,57,1,0,1
2000181,1,12,300,25,3,100,8.33,5,9,3,2024-05-02T12:51:53.702Z,2024-05-15T11:35:45.839Z,785,13,1.18,8,1,25,8.33,300,1,1,1
2000182,3,11,198,18,3,66,6,4,11,3,2024-05-01T06:00:07.710Z,2024-05-17T08:21:49.653Z,783,16,1.6,9,1,18,6,198,1,0,1
2000183,3,10,192,19.2,3,64,6.4,6,8,3,2024-05-03T15:19:22.453Z,2024-05-13T02:19:42.363Z,787,10,1.11,6,1,19.2,6.4,192,1,0,1
2000184,4,10,162,16.2,3,54,5.4,4,7,3,2024-05-04T11:28:42.513Z,2024-05-16T16:53:21.400Z,784,12,1.33,8,1,16.2,5.4,162,1,0,1
2000185,5,7,108,15.43,3,36,5.14,6,5,3,2024-05-05T03:28:21.357Z,2024-05-16T19:31:38.672Z,784,11,1.83,5,1,15.43,5.14,108,1,0,1
2000186,2,15,282,18.8,3,94,6.27,6,13,3,2024-05-02T21:04:19.595Z,2024-05-17T00:52:58.930Z,783,15,1.07,11,1,18.8,6.27,282,1,1,1
2000187,4,12,165,13.75,3,55,4.58,6,11,3,2024-05-01T11:41:41.938Z,2024-05-15T14:06:42.333Z,785,14,1.27,8,1,13.75,4.58,165,1,0,1
2000188,4,10,147,14.7,3,49,4.9,5,9,3,2024-05-01T10:05:17.848Z,2024-05-17T05:30:30.110Z,783,16,1.78,9,1,14.7,4.9,147,1,0,1
2000189,2,16,270,16.88,3,90,5.63,6,15,3,2024-05-02T18:21:10.337Z,2024-05-16T02:54:13.482Z,784,14,0.93,11,1,16.88,5.63,270,1,1,1
2000190,3,11,198,18,3,66,6,5,9,3,2024-05-03T06:05:16.390Z,2024-05-16T06:10:52.343Z,784,13,1.3,9,1,18,6,198,1,0,1
2000191,2,14,279,19.93,3,93,6.64,4,11,3,2024-05-03T04:10:27.739Z,2024-05-17T11:48:38.084Z,783,14,1.08,10,1,19.93,6.64,279,1,1,1
2000192,5,8,144,18,3,48,6,3,8,3,2024-05-02T19:45:20.081Z,2024-05-15T00:00:57.440Z,785,13,1.86,7,1,18,6,144,1,0,1
2000193,1,14,333,23.79,3,111,7.93,4,11,3,2024-05-01T13:25:09.577Z,2024-05-17T02:41:15.451Z,783,16,1.23,10,1,23.79,7.93,333,1,1,1
2000194,4,11,177,16.09,3,59,5.36,4,11,3,2024-05-06T01:09:44.928Z,2024-05-17T07:49:27.056Z,783,11,1.1,7,1,16.09,5.36,177,1,0,1
2000195,2,11,267,24.27,3,89,8.09,5,9,3,2024-05-01T07:37:15.783Z,2024-05-16T12:36:59.930Z,784,15,1.5,9,1,24.27,8.09,267,1,1,1
2000196,3,10,192,19.2,3,64,6.4,5,9,3,2024-05-01T04:36:43.191Z,2024-05-14T08:01:20.465Z,786,13,1.44,8,1,19.2,6.4,192,1,0,1
2000197,5,8,135,16.88,3,45,5.63,4,8,3,2024-05-01T05:02:29.198Z,2024-05-16T19:40:05.053Z,784,15,2.14,5,1,16.88,5.63,135,1,0,1
2000198,4,8,171,21.38,3,57,7.13,5,8,2,2024-05-01T00:17:15.581Z,2024-05-16T21:45:27.388Z,784,15,2.14,8,1,21.38,7.13,171,1,0,1
2000199,4,11,159,14.45,3,53,4.82,6,10,3,2024-05-01T06:12:03.447Z,2024-05-15T22:07:20.222Z,785,14,1.4,8,1,14.45,4.82,159,1,0,1
2000200,5,10,114,11.4,3,38,3.8,5,10,3,2024-05-04T14:37:17.729Z,2024-05-14T03:45:50.060Z,786,10,1.11,8,1,11.4,3.8,114,1,0,1
2000201,3,11,207,18.82,3,69,6.27,6,11,3,2024-05-01T12:44:20.649Z,2024-05-17T08:53:57.032Z,783,16,1.6,10,1,18.82,6.27,207,1,0,1
2000202,1,12,387,32.25,3,129,10.75,5,11,2,2024-05-02T21:43:01.337Z,2024-05-16T04:26:18.913Z,784,14,1.27,10,1,32.25,10.75,387,1,1,1
2000203,1,16,315,19.69,3,105,6.56,6,12,3,2024-05-01T00:43:11.057Z,2024-05-16T13:49:57.023Z,784,15,1,10,1,19.69,6.56,315,1,1,1
2000204,5,6,90,15,3,30,5,4,6,3,2024-05-05T11:28:43.396Z,2024-05-16T16:49:50.409Z,784,11,2.2,5,1,15,5,90,1,0,1
2000205,1,17,390,22.94,3,130,7.65,6,13,3,2024-05-01T08:25:21.302Z,2024-05-16T16:05:03.633Z,784,15,0.94,10,1,22.94,7.65,390,1,1,1
2000206,2,13,294,22.62,3,98,7.54,5,12,3,2024-05-01T09:40:11.654Z,2024-05-14T06:38:10.077Z,786,13,1.08,10,1,22.62,7.54,294,1,1,1
2000207,1,10,354,35.4,3,118,11.8,4,8,3,2024-05-02T14:41:38.987Z,2024-05-16T20:04:58.473Z,784,14,1.56,6,1,35.4,11.8,354,1,1,1
2000208,2,14,246,17.57,3,82,5.86,5,14,3,2024-05-01T01:42:15.962Z,2024-05-17T03:35:23.522Z,783,16,1.23,10,1,17.57,5.86,246,1,1,1
2000209,1,12,297,24.75,3,99,8.25,4,11,3,2024-05-02T11:48:05.728Z,2024-05-17T03:29:25.326Z,783,15,1.36,9,1,24.75,8.25,297,1,1,1
2000210,3,12,222,18.5,3,74,6.17,5,11,3,2024-05-03T07:27:07.201Z,2024-05-17T01:42:11.211Z,783,14,1.27,9,1,18.5,6.17,222,1,1,1
2000211,4,9,180,20,3,60,6.67,6,9,2,2024-05-03T03:59:59.738Z,2024-05-14T23:32:06.504Z,786,11,1.38,6,1,20,6.67,180,1,0,1
2000212,3,11,198,18,3,66,6,6,9,3,2024-05-01T13:34:37.198Z,2024-05-16T21:56:07.729Z,784,15,1.5,8,1,18,6,198,1,0,1
2000213,2,19,288,15.16,3,96,5.05,6,13,3,2024-05-01T04:40:16.392Z,2024-05-16T00:22:26.081Z,784,15,0.83,10,1,15.16,5.05,288,1,1,1
2000214,2,10,267,26.7,3,89,8.9,6,10,2,2024-05-01T10:03:28.439Z,2024-05-16T19:49:58.963Z,784,15,1.67,7,1,26.7,8.9,267,1,1,1
2000215,1,14,312,22.29,3,104,7.43,6,13,3,2024-05-02T16:28:25.357Z,2024-05-15T23:13:04.729Z,785,13,1,10,1,22.29,7.43,312,1,1,1
2000216,3,14,213,15.21,3,71,5.07,6,12,3,2024-05-02T03:21:46.690Z,2024-05-17T00:48:05.390Z,783,15,1.15,8,1,15.21,5.07,213,1,0,1
2000217,4,10,174,17.4,3,58,5.8,4,8,3,2024-05-01T00:03:28.344Z,2024-05-17T11:42:19.752Z,783,16,1.78,7,1,17.4,5.8,174,1,0,1
2000218,1,15,378,25.2,3,126,8.4,6,13,3,2024-05-01T12:58:55.296Z,2024-05-17T09:11:03.458Z,783,16,1.14,11,1,25.2,8.4,378,1,1,1
2000219,2,10,243,24.3,3,81,8.1,5,9,3,2024-05-01T13:32:19.185Z,2024-05-17T11:11:09.767Z,783,16,1.78,8,1,24.3,8.1,243,1,1,1
2000220,5,10,129,12.9,3,43,4.3,4,10,3,2024-05-03T01:51:47.551Z,2024-05-17T01:03:35.428Z,783,14,1.56,8,1,12.9,4.3,129,1,0,1
2000221,4,10,183,18.3,3,61,6.1,5,8,3,2024-05-03T15:56:53.388Z,2024-05-16T22:59:56.553Z,784,13,1.44,8,1,18.3,6.1,183,1,0,1
2000222,5,8,111,13.88,3,37,4.63,4,7,3,2024-05-01T07:17:07.437Z,2024-05-15T08:04:45.169Z,785,14,2,8,1,13.88,4.63,111,1,0,1
2000223,5,11,138,12.55,3,46,4.18,6,10,3,2024-05-05T09:32:28.704Z,2024-05-16T18:03:28.903Z,784,11,1.1,7,1,12.55,4.18,138,1,0,1
2000224,5,12,144,12,3,48,4,6,11,3,2024-05-01T07:06:39.447Z,2024-05-16T15:48:35.828Z,784,15,1.36,7,1,12,4,144,1,0,1
2000225,3,11,213,19.36,3,71,6.45,5,10,3,2024-05-02T05:17:12.958Z,2024-05-13T23:00:03.522Z,787,11,1.1,7,1,19.36,6.45,213,1,0,1
2000226,3,8,210,26.25,3,70,8.75,5,7,3,2024-05-03T06:06:09.640Z,2024-05-14T07:49:51.619Z,786,11,1.57,8,1,26.25,8.75,210,1,0,1
2000227,3,12,207,17.25,3,69,5.75,6,8,3,2024-05-03T22:59:51.110Z,2024-05-16T12:54:01.319Z,784,13,1.18,7,1,17.25,5.75,207,1,0,1
2000228,3,14,210,15,3,70,5,5,11,3,2024-05-01T00:05:02.620Z,2024-05-17T01:25:47.180Z,783,16,1.23,9,1,15,5,210,1,0,1
2000229,1,16,450,28.13,3,150,9.38,5,12,3,2024-05-01T14:48:14.697Z,2024-05-17T08:59:33.526Z,783,16,1.07,13,1,28.13,9.38,450,1,1,1
2000230,2,15,252,16.8,3,84,5.6,6,12,3,2024-05-02T15:31:01.136Z,2024-05-17T09:55:28.895Z,783,15,1.07,9,1,16.8,5.6,252,1,1,1
2000231,3,12,189,15.75,3,63,5.25,5,10,3,2024-05-02T00:19:55.377Z,2024-05-16T18:07:20.204Z,784,14,1.27,9,1,15.75,5.25,189,1,0,1
2000232,3,11,192,17.45,3,64,5.82,5,9,3,2024-05-01T20:17:59.874Z,2024-05-16T04:05:19.473Z,784,15,1.5,10,1,17.45,5.82,192,1,0,1
2000233,2,11,255,23.18,3,85,7.73,5,9,3,2024-05-01T07:45:54.613Z,2024-05-17T01:02:20.143Z,783,16,1.6,8,1,23.18,7.73,255,1,1,1
2000234,4,12,183,15.25,3,61,5.08,6,12,3,2024-05-03T13:09:37.221Z,2024-05-16T21:56:11.134Z,784,13,1.18,10,1,15.25,5.08,183,1,0,1
2000235,5,5,96,19.2,3,32,6.4,3,5,2,2024-05-01T05:44:08.655Z,2024-05-16T11:46:28.884Z,784,15,3.75,5,1,19.2,6.4,96,1,0,1
2000236,5,10,132,13.2,3,44,4.4,5,9,3,2024-05-04T03:54:56.384Z,2024-05-17T04:55:11.613Z,783,13,1.44,8,1,13.2,4.4,132,1,0,1
2000237,1,10,417,41.7,3,139,13.9,6,9,3,2024-05-02T06:08:58.036Z,2024-05-16T00:53:18.799Z,784,14,1.56,7,1,41.7,13.9,417,1,1,1
2000238,4,9,162,18,3,54,6,4,7,3,2024-05-01T04:55:32.892Z,2024-05-12T19:49:52.510Z,788,11,1.38,4,1,18,6,162,1,0,1
2000239,3,17,231,13.59,3,77,4.53,6,12,3,2024-05-01T08:53:53.685Z,2024-05-16T16:48:17.124Z,784,15,0.94,11,1,13.59,4.53,231,1,1,1
2000240,4,8,159,19.88,3,53,6.63,4,7,2,2024-05-03T00:53:11.272Z,2024-05-15T10:24:00.584Z,785,12,1.71,7,1,19.88,6.63,159,1,0,1
2000241,2,14,258,18.43,3,86,6.14,6,12,3,2024-05-01T03:15:11.544Z,2024-05-17T10:47:28.238Z,783,16,1.23,11,1,18.43,6.14,258,1,1,1
2000242,4,11,147,13.36,3,49,4.45,4,11,3,2024-05-01T15:58:41.480Z,2024-05-17T08:51:57.846Z,783,16,1.6,9,1,13.36,4.45,147,1,0,1
2000243,1,9,324,36,3,108,12,6,9,3,2024-05-01T13:46:42.272Z,2024-05-16T03:18:35.284Z,784,15,1.88,8,1,36,12,324,1,1,1
2000244,5,7,90,12.86,3,30,4.29,4,6,3,2024-05-04T02:43:14.084Z,2024-05-17T02:11:05.202Z,783,13,2.17,5,1,12.86,4.29,90,1,0,1
2000245,4,8,168,21,3,56,7,5,7,3,2024-05-01T14:42:36.370Z,2024-05-14T00:15:56.994Z,786,13,1.86,8,1,21,7,168,1,0,1
2000246,2,11,267,24.27,3,89,8.09,6,9,3,2024-05-03T14:35:25.739Z,2024-05-16T19:41:47.420Z,784,13,1.3,8,1,24.27,8.09,267,1,1,1
2000247,1,16,300,18.75,3,100,6.25,5,15,3,2024-05-01T08:05:52.432Z,2024-05-15T15:19:19.800Z,785,14,0.93,11,1,18.75,6.25,300,1,1,1
2000248,1,13,498,38.31,3,166,12.77,5,10,3,2024-05-01T07:41:49.796Z,2024-05-17T11:25:27.750Z,783,16,1.33,10,1,38.31,12.77,498,1,1,1
2000249,1,13,363,27.92,3,121,9.31,6,12,3,2024-05-01T09:56:58.430Z,2024-05-15T13:05:45.524Z,785,14,1.17,10,1,27.92,9.31,363,1,1,1
2000250,2,10,237,23.7,3,79,7.9,5,9,3,2024-05-03T12:24:06.230Z,2024-05-17T09:53:50.400Z,783,14,1.56,9,1,23.7,7.9,237,1,1,1
2000251,2,11,267,24.27,3,89,8.09,5,11,3,2024-05-01T03:26:57.808Z,2024-05-16T05:18:46.929Z,784,15,1.5,8,1,24.27,8.09,267,1,1,1
2000252,3,10,192,19.2,3,64,6.4,4,9,3,2024-05-03T12:02:49.444Z,2024-05-17T01:27:22.642Z,783,14,1.56,7,1,19.2,6.4,192,1,0,1
2000253,3,15,228,15.2,3,76,5.07,6,12,3,2024-05-01T00:27:10.084Z,2024-05-14T12:17:01.495Z,786,13,0.93,10,1,15.2,5.07,228,1,1,1
2000254,2,10,234,23.4,3,78,7.8,5,6,3,2024-05-02T22:06:51.482Z,2024-05-15T13:47:44.031Z,785,13,1.44,7,1,23.4,7.8,234,1,1,1
2000255,3,11,207,18.82,3,69,6.27,5,9,3,2024-05-01T18:08:11.405Z,2024-05-16T00:07:25.219Z,784,15,1.5,9,1,18.82,6.27,207,1,0,1
2000256,5,6,63,10.5,3,21,3.5,4,5,3,2024-05-01T02:16:59.963Z,2024-05-14T20:23:44.498Z,786,13,2.6,4,1,10.5,3.5,63,1,0,1
2000257,5,8,141,17.63,3,47,5.88,4,8,3,2024-05-04T02:43:13.697Z,2024-05-09T13:59:10.561Z,791,5,0.71,6,1,17.63,5.88,141,1,0,1
2000258,5,7,102,14.57,3,34,4.86,5,5,3,2024-05-01T09:35:45.966Z,2024-05-14T08:41:50.016Z,786,13,2.17,6,1,14.57,4.86,102,1,0,1
2000259,5,6,120,20,3,40,6.67,5,5,3,2024-05-05T11:26:51.964Z,2024-05-14T15:04:34.882Z,786,9,1.8,6,1,20,6.67,120,1,0,1
2000260,5,9,129,14.33,3,43,4.78,5,9,3,2024-05-01T11:42:42.342Z,2024-05-14T03:46:08.085Z,786,13,1.63,8,1,14.33,4.78,129,1,0,1
2000261,3,10,192,19.2,3,64,6.4,4,10,3,2024-05-03T08:15:18.255Z,2024-05-15T21:51:10.693Z,785,12,1.33,9,1,19.2,6.4,192,1,0,1
2000262,1,16,363,22.69,3,121,7.56,6,13,3,2024-05-02T12:11:46.997Z,2024-05-16T21:33:57.717Z,784,14,0.93,12,1,22.69,7.56,363,1,1,1
2000263,1,14,318,22.71,3,106,7.57,5,13,3,2024-05-01T09:11:26.684Z,2024-05-17T04:32:22.405Z,783,16,1.23,12,1,22.71,7.57,318,1,1,1
2000264,1,11,297,27,3,99,9,5,10,3,2024-05-03T08:50:44.297Z,2024-05-17T08:42:38.868Z,783,14,1.4,8,1,27,9,297,1,1,1
2000265,3,13,201,15.46,3,67,5.15,5,8,3,2024-05-01T20:58:29.680Z,2024-05-16T11:52:15.032Z,784,15,1.25,10,1,15.46,5.15,201,1,0,1
2000266,3,11,222,20.18,3,74,6.73,6,10,3,2024-05-03T17:22:53.217Z,2024-05-17T02:27:48.278Z,783,14,1.4,8,1,20.18,6.73,222,1,1,1
2000267,5,7,114,16.29,3,38,5.43,5,7,3,2024-05-01T09:29:48.936Z,2024-05-16T02:57:47.955Z,784,15,2.5,6,1,16.29,5.43,114,1,0,1
2000268,3,10,228,22.8,3,76,7.6,4,9,3,2024-05-04T05:33:38.146Z,2024-05-15T04:34:17.833Z,785,11,1.22,7,1,22.8,7.6,228,1,1,1
2000269,3,11,186,16.91,3,62,5.64,6,10,3,2024-05-02T00:15:39.904Z,2024-05-14T13:06:47.257Z,786,12,1.2,7,1,16.91,5.64,186,1,0,1
2000270,2,9,276,30.67,3,92,10.22,5,6,3,2024-05-01T15:06:17.283Z,2024-05-13T12:06:41.953Z,787,12,1.5,7,1,30.67,10.22,276,1,1,1
2000271,4,9,162,18,3,54,6,5,8,3,2024-05-06T06:03:00.175Z,2024-05-15T09:04:40.183Z,785,9,1.13,8,1,18,6,162,1,0,1
2000272,3,8,207,25.88,3,69,8.63,5,8,3,2024-05-01T05:03:14.129Z,2024-05-16T12:33:51.310Z,784,15,2.14,6,1,25.88,8.63,207,1,0,1
2000273,2,11,234,21.27,3,78,7.09,6,11,3,2024-05-01T08:59:31.947Z,2024-05-12T15:45:38.774Z,788,11,1.1,7,1,21.27,7.09,234,1,1,1
2000274,4,9,171,19,3,57,6.33,6,9,3,2024-05-02T19:40:10.715Z,2024-05-17T04:47:03.338Z,783,15,1.88,8,1,19,6.33,171,1,0,1
2000275,1,19,465,24.47,3,155,8.16,6,18,3,2024-05-02T13:13:49.845Z,2024-05-16T13:55:16.606Z,784,14,0.78,11,1,24.47,8.16,465,1,1,1
2000276,4,12,165,13.75,3,55,4.58,5,10,3,2024-05-04T05:36:43.722Z,2024-05-16T17:29:31.556Z,784,12,1.09,8,1,13.75,4.58,165,1,0,1
2000277,4,12,150,12.5,3,50,4.17,5,11,3,2024-05-01T09:48:14.759Z,2024-05-16T21:40:11.582Z,784,15,1.36,8,1,12.5,4.17,150,1,0,1
2000278,5,7,123,17.57,3,41,5.86,5,6,3,2024-05-08T07:01:13.838Z,2024-05-17T00:24:08.503Z,783,9,1.5,6,1,17.57,5.86,123,1,0,1
2000279,5,10,120,12,3,40,4,5,8,3,2024-05-03T05:39:33.184Z,2024-05-17T09:48:09.669Z,783,14,1.56,7,1,12,4,120,1,0,1
2000280,5,11,144,13.09,3,48,4.36,5,9,3,2024-05-03T14:52:25.568Z,2024-05-17T08:53:10.654Z,783,14,1.4,8,1,13.09,4.36,144,1,0,1
2000281,5,4,48,12,3,16,4,4,3,2,2024-05-01T02:44:48.497Z,2024-05-16T15:01:51.119Z,784,15,5,3,1,12,4,48,1,0,1
2000282,1,15,312,20.8,3,104,6.93,4,12,3,2024-05-01T20:00:20.970Z,2024-05-17T08:25:06.295Z,783,16,1.14,10,1,20.8,6.93,312,1,1,1
2000283,5,8,132,16.5,3,44,5.5,5,7,3,2024-05-05T02:40:29.485Z,2024-05-17T09:42:46.391Z,783,12,1.71,5,1,16.5,5.5,132,1,0,1
2000284,4,10,153,15.3,3,51,5.1,6,10,3,2024-05-01T20:56:50.862Z,2024-05-17T06:57:16.844Z,783,16,1.78,8,1,15.3,5.1,153,1,0,1
2000285,2,10,267,26.7,3,89,8.9,6,9,3,2024-05-01T09:41:51.671Z,2024-05-14T14:56:59.499Z,786,13,1.44,5,1,26.7,8.9,267,1,1,1
2000286,5,7,114,16.29,3,38,5.43,5,6,3,2024-05-01T07:55:35.358Z,2024-05-17T08:00:36.075Z,783,16,2.67,7,1,16.29,5.43,114,1,0,1
2000287,4,12,183,15.25,3,61,5.08,5,10,3,2024-05-01T14:07:12.923Z,2024-05-17T11:01:19.695Z,783,16,1.45,11,1,15.25,5.08,183,1,0,1
2000288,2,18,288,16,3,96,5.33,5,14,3,2024-05-01T02:31:33.708Z,2024-05-13T10:30:45.579Z,787,12,0.71,9,1,16,5.33,288,1,1,1
2000289,2,7,288,41.14,3,96,13.71,4,6,3,2024-05-02T04:05:57.333Z,2024-05-16T13:00:31.701Z,784,14,2.33,7,1,41.14,13.71,288,1,1,1
2000290,2,14,240,17.14,3,80,5.71,5,14,3,2024-05-01T04:56:47.969Z,2024-05-17T11:25:14.175Z,783,16,1.23,10,1,17.14,5.71,240,1,1,1
2000291,2,14,294,21,3,98,7,6,8,3,2024-05-01T13:10:39.180Z,2024-05-14T23:15:36.157Z,786,13,1,8,1,21,7,294,1,1,1
2000292,4,9,156,17.33,3,52,5.78,4,8,3,2024-05-01T05:12:49.093Z,2024-05-17T08:23:09.699Z,783,16,2,7,1,17.33,5.78,156,1,0,1
2000293,2,12,240,20,3,80,6.67,5,12,3,2024-05-01T05:57:23.219Z,2024-05-14T07:13:18.987Z,786,13,1.18,9,1,20,6.67,240,1,1,1
2000294,2,10,243,24.3,3,81,8.1,6,8,3,2024-05-01T07:26:17.270Z,2024-05-16T09:50:43.004Z,784,15,1.67,8,1,24.3,8.1,243,1,1,1
2000295,1,14,297,21.21,3,99,7.07,5,12,3,2024-05-04T07:41:10.966Z,2024-05-16T07:49:09.798Z,784,12,0.92,8,1,21.21,7.07,297,1,1,1
2000296,2,15,273,18.2,3,91,6.07,6,13,3,2024-05-02T00:50:53.183Z,2024-05-16T21:32:16.865Z,784,14,1,11,1,18.2,6.07,273,1,1,1
2000297,2,10,243,24.3,3,81,8.1,6,9,3,2024-05-04T14:09:28.850Z,2024-05-17T03:22:48.064Z,783,13,1.44,8,1,24.3,8.1,243,1,1,1
2000298,1,12,297,24.75,3,99,8.25,4,10,3,2024-05-01T21:25:35.354Z,2024-05-17T07:36:31.729Z,783,16,1.45,9,1,24.75,8.25,297,1,1,1
2000299,5,5,87,17.4,3,29,5.8,3,5,3,2024-05-02T22:32:38.458Z,2024-05-13T15:37:49.894Z,787,11,2.75,5,1,17.4,5.8,87,1,0,1
